Местное время,Населенный пункт,type_id,T,P,U,DD,Ff,N,WW,Cl,Cm,Nh
2020-04-03,Ялуторовск,5,7.9,766.3,31.0,"Ветер, дующий с западо-юго-запада",5.0,20–30%., ,"Кучевые плоские или кучевые разорванные, или те и другие вместе, не относящиеся к облакам плохой погоды.","Высококучевых, высокослоистых или слоисто-дождевых облаков нет.",20–30%.
2020-04-04,Ишим,1,10.1,770.0,39.0,"Ветер, дующий с юго-востока",5.0,100%., ,"Слоисто-кучевых, слоистых, кучевых или кучево-дождевых облаков нет.","Высококучевых, высокослоистых или слоисто-дождевых облаков нет.",Облаков нет.
2020-04-04,Ишим,5,10.1,770.0,39.0,"Ветер, дующий с юго-востока",5.0,100%., ,"Слоисто-кучевых, слоистых, кучевых или кучево-дождевых облаков нет.","Высококучевых, высокослоистых или слоисто-дождевых облаков нет.",Облаков нет.
2020-04-05,Ишим,5,8.7,757.1,71.0,"Ветер, дующий с юго-юго-востока",4.0,100%.,Ливневый(ые) дождь(и) слабый(ые) в срок наблюдения или за последний час. ,"Кучево-дождевые волокнистые (часто с наковальней), либо с кучево-дождевыми лысыми, кучевыми, слоистыми, разорванно-дождевыми, либо без них.","Высококучевых, высокослоистых или слоисто-дождевых облаков нет.",100%.
2020-04-11,Ишим,5,14.5,766.9,26.0,"Ветер, дующий с юго-запада",7.0,Облаков нет., ,"Слоисто-кучевых, слоистых, кучевых или кучево-дождевых облаков нет.","Высококучевых, высокослоистых или слоисто-дождевых облаков нет.",Осадков нет.
2020-04-11,Ишим,1,14.5,766.9,26.0,"Ветер, дующий с юго-запада",7.0,Облаков нет., ,"Слоисто-кучевых, слоистых, кучевых или кучево-дождевых облаков нет.","Высококучевых, высокослоистых или слоисто-дождевых облаков нет.",Осадков нет.
2020-09-12,Ишим,1,20.6,761.7,36.0,"Ветер, дующий с юга",3.0,"90  или более, но не 100%", ,"Кучево-дождевые волокнистые (часто с наковальней), либо с кучево-дождевыми лысыми, кучевыми, слоистыми, разорванно-дождевыми, либо без них.","Клочья (часто чечевицеобразные) высококучевых просвечивающих, непрерывно изменяющихся; расположены на одном или более уровнях.",50%.
2020-10-19,Ишим,1,10.0,761.4,37.0,"Ветер, дующий с юго-юго-запада",7.0,"90  или более, но не 100%", ,"Слоисто-кучевые, образовавшиеся не из кучевых.","Высококучевых, высокослоистых или слоисто-дождевых облаков нет.",50%.
2020-10-20,Ишим,1,11.2,758.7,67.0,"Ветер, дующий с юго-юго-востока",2.0,100%., ,"Слоисто-кучевых, слоистых, кучевых или кучево-дождевых облаков нет.","Высококучевые, просвечивающие или плотные в двух или более слоях или высококучевые плотные в одном слое, не распространяющиеся но небу, либо высококучевые с высокослоистыми или слоисто-дождевыми.",100%.
2020-10-28,Уват,5,-5.8,766.8,85.0,"Ветер, дующий с запада",1.0,100%.,Состояние неба в общем не изменилось. ,"Слоисто-кучевые, образовавшиеся не из кучевых.","Высококучевые просвечивающие, полосами, либо один или несколько слоев высококучевых просвечивающих, распространяющихся по небу; эти высококучевые в целом уплотняются.",70 – 80%.
2021-01-22,Уват,5,-29.4,761.9,74.0,"Ветер, дующий с северо-северо-запада",2.0,100%., ,"Слоисто-кучевых, слоистых, кучевых или кучево-дождевых облаков нет.",Высокослоистые просвечивающие.,100%.
2021-04-11,Вагай,5,14.4,775.8,31.0,"Ветер, дующий с юго-юго-запада",6.0,100%., ,"Кучево-дождевые волокнистые (часто с наковальней), либо с кучево-дождевыми лысыми, кучевыми, слоистыми, разорванно-дождевыми, либо без них.","Высококучевых, высокослоистых или слоисто-дождевых облаков нет.",60%.
2021-04-13,Тюмень,1,14.7,779.2,18.0,"Ветер, дующий с запада",3.0,70 – 80%., ,"Слоисто-кучевых, слоистых, кучевых или кучево-дождевых облаков нет.","Высококучевых, высокослоистых или слоисто-дождевых облаков нет.",Облаков нет.
2021-04-13,Вагай,5,14.4,777.1,18.0,"Ветер, дующий с запада",5.0,60%., ,"Слоисто-кучевых, слоистых, кучевых или кучево-дождевых облаков нет.","Высококучевых, высокослоистых или слоисто-дождевых облаков нет.",Облаков нет.
2021-04-13,Ишим,5,14.3,778.9,21.0,"Ветер, дующий с северо-запада",3.0,"10%  или менее, но не 0", ,"Слоисто-кучевых, слоистых, кучевых или кучево-дождевых облаков нет.","Высококучевых, высокослоистых или слоисто-дождевых облаков нет.",Облаков нет.
2021-04-14,Вагай,5,18.9,768.3,31.0,"Ветер, дующий с запада",4.0,20–30%., ,"Слоисто-кучевых, слоистых, кучевых или кучево-дождевых облаков нет.","Высококучевых, высокослоистых или слоисто-дождевых облаков нет.",Облаков нет.
2021-04-14,Ишим,5,16.3,770.9,45.0,"Ветер, дующий с западо-юго-запада",7.0,100%., ,"Слоисто-кучевых, слоистых, кучевых или кучево-дождевых облаков нет.","Высококучевых, высокослоистых или слоисто-дождевых облаков нет.",Облаков нет.
2021-04-14,Ялуторовск,5,19.3,770.8,39.0,"Ветер, дующий с запада",5.0,100%., ,"Слоисто-кучевых, слоистых, кучевых или кучево-дождевых облаков нет.","Высококучевых, высокослоистых или слоисто-дождевых облаков нет.",Облаков нет.
2021-04-14,Тюмень,1,19.4,770.4,35.0,"Ветер, дующий с западо-юго-запада",5.0,100%., ,"Слоисто-кучевых, слоистых, кучевых или кучево-дождевых облаков нет.","Высококучевых, высокослоистых или слоисто-дождевых облаков нет.",Облаков нет.
2021-04-14,Вагай,1,18.9,768.3,31.0,"Ветер, дующий с запада",4.0,20–30%., ,"Слоисто-кучевых, слоистых, кучевых или кучево-дождевых облаков нет.","Высококучевых, высокослоистых или слоисто-дождевых облаков нет.",Облаков нет.
2021-04-14,Ишим,1,16.3,770.9,45.0,"Ветер, дующий с западо-юго-запада",7.0,100%., ,"Слоисто-кучевых, слоистых, кучевых или кучево-дождевых облаков нет.","Высококучевых, высокослоистых или слоисто-дождевых облаков нет.",Облаков нет.
2021-04-15,Вагай,5,22.1,762.8,19.0,"Ветер, дующий с западо-юго-запада",5.0,Облаков нет., ,"Слоисто-кучевых, слоистых, кучевых или кучево-дождевых облаков нет.","Высококучевых, высокослоистых или слоисто-дождевых облаков нет.",Осадков нет.
2021-04-15,Ишим,5,22.5,765.6,23.0,"Ветер, дующий с западо-юго-запада",5.0,Облаков нет., ,"Слоисто-кучевых, слоистых, кучевых или кучево-дождевых облаков нет.","Высококучевых, высокослоистых или слоисто-дождевых облаков нет.",Осадков нет.
2021-04-15,Ишим,1,22.5,765.6,23.0,"Ветер, дующий с западо-юго-запада",5.0,Облаков нет., ,"Слоисто-кучевых, слоистых, кучевых или кучево-дождевых облаков нет.","Высококучевых, высокослоистых или слоисто-дождевых облаков нет.",Осадков нет.
2021-04-15,Вагай,1,22.1,762.8,19.0,"Ветер, дующий с западо-юго-запада",5.0,Облаков нет., ,"Слоисто-кучевых, слоистых, кучевых или кучево-дождевых облаков нет.","Высококучевых, высокослоистых или слоисто-дождевых облаков нет.",Осадков нет.
2021-04-15,Вагай,3,22.1,762.8,19.0,"Ветер, дующий с западо-юго-запада",5.0,Облаков нет., ,"Слоисто-кучевых, слоистых, кучевых или кучево-дождевых облаков нет.","Высококучевых, высокослоистых или слоисто-дождевых облаков нет.",Осадков нет.
2021-04-16,Вагай,1,8.5,767.5,26.0,"Ветер, дующий с северо-запада",6.0,60%., ,"Кучевые плоские или кучевые разорванные, или те и другие вместе, не относящиеся к облакам плохой погоды.","Высококучевых, высокослоистых или слоисто-дождевых облаков нет.",60%.
2021-04-16,Ишим,1,10.1,766.2,43.0,"Ветер, дующий с севера",4.0,100%.,"Видимость ухудшена дымом, например: от степных или лесных пожаров, промышленных предприятий или вулканическим пеплом. ","Слоисто-кучевых, слоистых, кучевых или кучево-дождевых облаков нет.","Высококучевых, высокослоистых или слоисто-дождевых облаков нет.",Облаков нет.
2021-04-16,Ишим,5,10.1,766.2,43.0,"Ветер, дующий с севера",4.0,100%.,"Видимость ухудшена дымом, например: от степных или лесных пожаров, промышленных предприятий или вулканическим пеплом. ","Слоисто-кучевых, слоистых, кучевых или кучево-дождевых облаков нет.","Высококучевых, высокослоистых или слоисто-дождевых облаков нет.",Облаков нет.
2021-04-16,Тюмень,1,10.2,768.9,24.0,"Ветер, дующий с северо-северо-запада",4.0,20–30%., ,"Слоисто-кучевых, слоистых, кучевых или кучево-дождевых облаков нет.","Высококучевых, высокослоистых или слоисто-дождевых облаков нет.",Облаков нет.
2021-04-16,Ялуторовск,1,10.7,768.1,29.0,"Ветер, дующий с северо-северо-востока",6.0,20–30%., ,"Слоисто-кучевых, слоистых, кучевых или кучево-дождевых облаков нет.","Высококучевых, высокослоистых или слоисто-дождевых облаков нет.",Облаков нет.
2021-04-17,Ишим,5,9.3,767.5,30.0,"Ветер, дующий с юго-юго-запада",5.0,"10%  или менее, но не 0", ,"Слоисто-кучевых, слоистых, кучевых или кучево-дождевых облаков нет.","Высококучевых, высокослоистых или слоисто-дождевых облаков нет.",Облаков нет.
2021-04-17,Ялуторовск,1,11.6,766.6,21.0,"Ветер, дующий с запада",5.0,Облаков нет., ,"Слоисто-кучевых, слоистых, кучевых или кучево-дождевых облаков нет.","Высококучевых, высокослоистых или слоисто-дождевых облаков нет.",Осадков нет.
2021-04-17,Тюмень,1,12.0,766.0,20.0,"Ветер, дующий с западо-юго-запада",5.0,40%., ,"Слоисто-кучевых, слоистых, кучевых или кучево-дождевых облаков нет.","Высококучевые просвечивающие, расположенные на одном уровне.",20–30%.
2021-04-17,Ишим,4,9.3,767.5,30.0,"Ветер, дующий с юго-юго-запада",5.0,"10%  или менее, но не 0", ,"Слоисто-кучевых, слоистых, кучевых или кучево-дождевых облаков нет.","Высококучевых, высокослоистых или слоисто-дождевых облаков нет.",Облаков нет.
2021-04-18,Ишим,5,2.8,760.3,74.0,"Ветер, дующий с северо-северо-запада",6.0,100%.,Ливневый(ые) дождь(и) слабый(ые) в срок наблюдения или за последний час. ,"Кучево-дождевые волокнистые (часто с наковальней), либо с кучево-дождевыми лысыми, кучевыми, слоистыми, разорванно-дождевыми, либо без них.","Высококучевых, высокослоистых или слоисто-дождевых облаков нет.",100%.
2021-04-18,Ишим,1,2.8,760.3,74.0,"Ветер, дующий с северо-северо-запада",6.0,100%.,Ливневый(ые) дождь(и) слабый(ые) в срок наблюдения или за последний час. ,"Кучево-дождевые волокнистые (часто с наковальней), либо с кучево-дождевыми лысыми, кучевыми, слоистыми, разорванно-дождевыми, либо без них.","Высококучевых, высокослоистых или слоисто-дождевых облаков нет.",100%.
2021-04-19,Ишим,5,-1.1,773.2,32.0,"Ветер, дующий с северо-северо-запада",4.0,"90  или более, но не 100%", ,"Кучево-дождевые волокнистые (часто с наковальней), либо с кучево-дождевыми лысыми, кучевыми, слоистыми, разорванно-дождевыми, либо без них.","Высококучевых, высокослоистых или слоисто-дождевых облаков нет.","90  или более, но не 100%"
2021-04-19,Вагай,3,-1.5,773.3,31.0,"Ветер, дующий с севера",4.0,60%., ,"Кучевые плоские или кучевые разорванные, или те и другие вместе, не относящиеся к облакам плохой погоды.","Высококучевых, высокослоистых или слоисто-дождевых облаков нет.",60%.
2021-04-19,Ишим,4,-1.1,773.2,32.0,"Ветер, дующий с северо-северо-запада",4.0,"90  или более, но не 100%", ,"Кучево-дождевые волокнистые (часто с наковальней), либо с кучево-дождевыми лысыми, кучевыми, слоистыми, разорванно-дождевыми, либо без них.","Высококучевых, высокослоистых или слоисто-дождевых облаков нет.","90  или более, но не 100%"
2021-04-19,Ишим,1,-1.1,773.2,32.0,"Ветер, дующий с северо-северо-запада",4.0,"90  или более, но не 100%", ,"Кучево-дождевые волокнистые (часто с наковальней), либо с кучево-дождевыми лысыми, кучевыми, слоистыми, разорванно-дождевыми, либо без них.","Высококучевых, высокослоистых или слоисто-дождевых облаков нет.","90  или более, но не 100%"
2021-04-20,Ишим,4,3.4,771.7,25.0,"Ветер, дующий с запада",5.0,Облаков нет., ,"Слоисто-кучевых, слоистых, кучевых или кучево-дождевых облаков нет.","Высококучевых, высокослоистых или слоисто-дождевых облаков нет.",Осадков нет.
2021-04-20,Ишим,3,3.4,771.7,25.0,"Ветер, дующий с запада",5.0,Облаков нет., ,"Слоисто-кучевых, слоистых, кучевых или кучево-дождевых облаков нет.","Высококучевых, высокослоистых или слоисто-дождевых облаков нет.",Осадков нет.
2021-04-20,Ишим,1,3.4,771.7,25.0,"Ветер, дующий с запада",5.0,Облаков нет., ,"Слоисто-кучевых, слоистых, кучевых или кучево-дождевых облаков нет.","Высококучевых, высокослоистых или слоисто-дождевых облаков нет.",Осадков нет.
2021-04-20,Вагай,1,5.4,767.8,27.0,"Ветер, дующий с запада",6.0,"90  или более, но не 100%", ,"Слоисто-кучевые, образовавшиеся из кучевых.","Высококучевых, высокослоистых или слоисто-дождевых облаков нет.","90  или более, но не 100%"
2021-04-20,Ялуторовск,1,7.7,771.1,20.0,"Ветер, дующий с запада",5.0,Облаков нет., ,"Слоисто-кучевых, слоистых, кучевых или кучево-дождевых облаков нет.","Высококучевых, высокослоистых или слоисто-дождевых облаков нет.",Осадков нет.
2021-04-20,Тюмень,1,8.7,770.5,18.0,"Ветер, дующий с западо-юго-запада",5.0,20–30%., ,"Слоисто-кучевых, слоистых, кучевых или кучево-дождевых облаков нет.","Высококучевых, высокослоистых или слоисто-дождевых облаков нет.",Облаков нет.
2021-04-20,Ишим,5,3.4,771.7,25.0,"Ветер, дующий с запада",5.0,Облаков нет., ,"Слоисто-кучевых, слоистых, кучевых или кучево-дождевых облаков нет.","Высококучевых, высокослоистых или слоисто-дождевых облаков нет.",Осадков нет.
2021-04-21,Ишим,1,9.9,771.4,30.0,"Ветер, дующий с севера",4.0,"10%  или менее, но не 0", ,"Кучевые плоские или кучевые разорванные, или те и другие вместе, не относящиеся к облакам плохой погоды.","Высококучевых, высокослоистых или слоисто-дождевых облаков нет.","10%  или менее, но не 0"
2021-04-21,Ишим,5,9.9,771.4,30.0,"Ветер, дующий с севера",4.0,"10%  или менее, но не 0", ,"Кучевые плоские или кучевые разорванные, или те и другие вместе, не относящиеся к облакам плохой погоды.","Высококучевых, высокослоистых или слоисто-дождевых облаков нет.","10%  или менее, но не 0"
2021-04-21,Ишим,3,9.9,771.4,30.0,"Ветер, дующий с севера",4.0,"10%  или менее, но не 0", ,"Кучевые плоские или кучевые разорванные, или те и другие вместе, не относящиеся к облакам плохой погоды.","Высококучевых, высокослоистых или слоисто-дождевых облаков нет.","10%  или менее, но не 0"
2021-04-21,Тюмень,1,13.8,772.4,25.0,"Ветер, дующий с севера",3.0,"90  или более, но не 100%", ,"Кучевые плоские или кучевые разорванные, или те и другие вместе, не относящиеся к облакам плохой погоды.","Высококучевых, высокослоистых или слоисто-дождевых облаков нет.","90  или более, но не 100%"
2021-04-22,Вагай,1,8.8,779.4,29.0,"Ветер, дующий с юго-востока",5.0,Облаков нет.,"Видимость ухудшена дымом, например: от степных или лесных пожаров, промышленных предприятий или вулканическим пеплом. ","Слоисто-кучевых, слоистых, кучевых или кучево-дождевых облаков нет.","Высококучевых, высокослоистых или слоисто-дождевых облаков нет.",Осадков нет.
2021-04-22,Ишим,1,8.8,780.8,25.0,"Ветер, дующий с юго-юго-востока",4.0,40%., ,"Слоисто-кучевых, слоистых, кучевых или кучево-дождевых облаков нет.","Высококучевых, высокослоистых или слоисто-дождевых облаков нет.",Облаков нет.
2021-04-22,Ишим,3,8.8,780.8,25.0,"Ветер, дующий с юго-юго-востока",4.0,40%., ,"Слоисто-кучевых, слоистых, кучевых или кучево-дождевых облаков нет.","Высококучевых, высокослоистых или слоисто-дождевых облаков нет.",Облаков нет.
2021-04-22,Ялуторовск,1,13.8,777.4,31.0,"Ветер, дующий с юго-юго-востока",6.0,Облаков нет., ,"Слоисто-кучевых, слоистых, кучевых или кучево-дождевых облаков нет.","Высококучевых, высокослоистых или слоисто-дождевых облаков нет.",Осадков нет.
2020-04-12,Ишим,5,15.4,761.5,32.0,"Ветер, дующий с востоко-юго-востока",4.0,"90  или более, но не 100%", ,"Кучево-дождевые волокнистые (часто с наковальней), либо с кучево-дождевыми лысыми, кучевыми, слоистыми, разорванно-дождевыми, либо без них.","Высококучевых, высокослоистых или слоисто-дождевых облаков нет.",50%.
2020-04-13,Ишим,1,15.7,757.2,32.0,"Ветер, дующий с юго-запада",5.0,70 – 80%., ,"Кучево-дождевые волокнистые (часто с наковальней), либо с кучево-дождевыми лысыми, кучевыми, слоистыми, разорванно-дождевыми, либо без них.","Высококучевых, высокослоистых или слоисто-дождевых облаков нет.",70 – 80%.
2021-04-23,Ишим,1,12.0,779.0,23.0,"Ветер, дующий с юга",6.0,100%., ,"Слоисто-кучевых, слоистых, кучевых или кучево-дождевых облаков нет.","Высококучевые просвечивающие, расположенные на одном уровне.","10%  или менее, но не 0"
2021-04-23,Ишим,3,12.0,779.0,23.0,"Ветер, дующий с юга",6.0,100%., ,"Слоисто-кучевых, слоистых, кучевых или кучево-дождевых облаков нет.","Высококучевые просвечивающие, расположенные на одном уровне.","10%  или менее, но не 0"
2021-04-23,Вагай,1,14.2,776.1,28.0,"Ветер, дующий с юга",5.0,100%.,"Видимость ухудшена дымом, например: от степных или лесных пожаров, промышленных предприятий или вулканическим пеплом. ","Слоисто-кучевых, слоистых, кучевых или кучево-дождевых облаков нет.","Высококучевых, высокослоистых или слоисто-дождевых облаков нет.",Облаков нет.
2021-04-24,Ишим,1,12.9,772.8,17.0,"Ветер, дующий с юга",5.0,40%.,"Видимость ухудшена дымом, например: от степных или лесных пожаров, промышленных предприятий или вулканическим пеплом. ","Слоисто-кучевых, слоистых, кучевых или кучево-дождевых облаков нет.","Высококучевых, высокослоистых или слоисто-дождевых облаков нет.",Облаков нет.
2021-04-24,Уват,4,14.2,771.3,23.0,"Ветер, дующий с юго-запада",3.0,"90  или более, но не 100%", ,"Слоисто-кучевых, слоистых, кучевых или кучево-дождевых облаков нет.","Высококучевых, высокослоистых или слоисто-дождевых облаков нет.",Облаков нет.
2021-04-24,Вагай,1,12.8,772.0,21.0,"Ветер, дующий с юго-юго-востока",4.0,100%.,"Видимость ухудшена дымом, например: от степных или лесных пожаров, промышленных предприятий или вулканическим пеплом. ","Слоисто-кучевых, слоистых, кучевых или кучево-дождевых облаков нет.","Высококучевых, высокослоистых или слоисто-дождевых облаков нет.",Облаков нет.
2021-04-24,Ишим,3,12.9,772.8,17.0,"Ветер, дующий с юга",5.0,40%.,"Видимость ухудшена дымом, например: от степных или лесных пожаров, промышленных предприятий или вулканическим пеплом. ","Слоисто-кучевых, слоистых, кучевых или кучево-дождевых облаков нет.","Высококучевых, высокослоистых или слоисто-дождевых облаков нет.",Облаков нет.
2021-04-25,Тюмень,1,13.9,762.0,30.0,"Ветер, дующий с юго-юго-востока",4.0,100%., ,"Слоисто-кучевых, слоистых, кучевых или кучево-дождевых облаков нет.","Высококучевые, просвечивающие или плотные в двух или более слоях или высококучевые плотные в одном слое, не распространяющиеся но небу, либо высококучевые с высокослоистыми или слоисто-дождевыми.",100%.
2021-04-25,Вагай,1,13.8,765.1,17.0,"Ветер, дующий с востоко-юго-востока",4.0,100%.,"Видимость ухудшена дымом, например: от степных или лесных пожаров, промышленных предприятий или вулканическим пеплом. ","Слоисто-кучевых, слоистых, кучевых или кучево-дождевых облаков нет.","Высококучевых, высокослоистых или слоисто-дождевых облаков нет.",Облаков нет.
2021-04-27,Ялуторовск,1,16.0,757.3,14.0,"Ветер, дующий с юго-запада",6.0,70 – 80%., ,"Слоисто-кучевых, слоистых, кучевых или кучево-дождевых облаков нет.","Высококучевых, высокослоистых или слоисто-дождевых облаков нет.",Облаков нет.
2021-04-27,Ишим,1,15.4,758.5,16.0,"Ветер, дующий с западо-юго-запада",6.0,100%., ,"Слоисто-кучевых, слоистых, кучевых или кучево-дождевых облаков нет.","Высококучевых, высокослоистых или слоисто-дождевых облаков нет.",Облаков нет.
2021-04-27,Вагай,1,15.1,756.4,22.0,"Ветер, дующий с юго-запада",4.0,70 – 80%., ,"Кучевые плоские или кучевые разорванные, или те и другие вместе, не относящиеся к облакам плохой погоды.","Высококучевых, высокослоистых или слоисто-дождевых облаков нет.",20–30%.
2021-04-28,Ишим,1,18.2,757.0,20.0,"Ветер, дующий с юго-запада",8.0,40%., ,"Кучевые плоские или кучевые разорванные, или те и другие вместе, не относящиеся к облакам плохой погоды.","Высококучевых, высокослоистых или слоисто-дождевых облаков нет.","10%  или менее, но не 0"
2021-04-28,Ишим,4,18.2,757.0,20.0,"Ветер, дующий с юго-запада",8.0,40%., ,"Кучевые плоские или кучевые разорванные, или те и другие вместе, не относящиеся к облакам плохой погоды.","Высококучевых, высокослоистых или слоисто-дождевых облаков нет.","10%  или менее, но не 0"
2021-04-28,Тюмень,1,15.1,756.1,26.0,"Ветер, дующий с юго-запада",5.0,70 – 80%., ,"Кучевые средние или мощные или вместе с кучевыми разорванными, или с кучевыми плоскими, или со слоисто-кучевыми, либо без них; основания всех этих облаков расположены на одном уровне.","Высококучевых, высокослоистых или слоисто-дождевых облаков нет.",40%.
2021-04-29,Вагай,3,11.2,754.5,29.0,"Ветер, дующий с запада",6.0,70 – 80%., ,"Кучево-дождевые волокнистые (часто с наковальней), либо с кучево-дождевыми лысыми, кучевыми, слоистыми, разорванно-дождевыми, либо без них.","Высококучевых, высокослоистых или слоисто-дождевых облаков нет.",70 – 80%.
2021-04-29,Ишим,3,12.4,756.6,26.0,"Ветер, дующий с запада",6.0,70 – 80%., ,"Кучевые средние или мощные или вместе с кучевыми разорванными, или с кучевыми плоскими, или со слоисто-кучевыми, либо без них; основания всех этих облаков расположены на одном уровне.","Высококучевых, высокослоистых или слоисто-дождевых облаков нет.",70 – 80%.
2021-04-30,Тюмень,1,7.6,761.2,70.0,"Ветер, дующий с запада",4.0,70 – 80%.,Ливневый(ые) дождь(и). ,"Кучево-дождевые волокнистые (часто с наковальней), либо с кучево-дождевыми лысыми, кучевыми, слоистыми, разорванно-дождевыми, либо без них.","Высококучевые просвечивающие, расположенные на одном уровне.",40%.
2021-05-01,Ишим,1,12.4,769.2,15.0,"Ветер, дующий с северо-запада",5.0,Облаков нет., ,"Слоисто-кучевых, слоистых, кучевых или кучево-дождевых облаков нет.","Высококучевых, высокослоистых или слоисто-дождевых облаков нет.",Осадков нет.
2021-05-01,Вагай,1,10.9,767.5,18.0,"Ветер, дующий с запада",4.0,20–30%., ,"Слоисто-кучевых, слоистых, кучевых или кучево-дождевых облаков нет.","Высококучевых, высокослоистых или слоисто-дождевых облаков нет.",Облаков нет.
2021-05-01,Тюмень,1,13.9,767.4,20.0,"Ветер, дующий с юга",5.0,70 – 80%., ,"Слоисто-кучевых, слоистых, кучевых или кучево-дождевых облаков нет.","Клочья (часто чечевицеобразные) высококучевых просвечивающих, непрерывно изменяющихся; расположены на одном или более уровнях.","10%  или менее, но не 0"
2021-05-01,Вагай,5,10.9,767.5,18.0,"Ветер, дующий с запада",4.0,20–30%., ,"Слоисто-кучевых, слоистых, кучевых или кучево-дождевых облаков нет.","Высококучевых, высокослоистых или слоисто-дождевых облаков нет.",Облаков нет.
2021-05-01,Ишим,3,12.4,769.2,15.0,"Ветер, дующий с северо-запада",5.0,Облаков нет., ,"Слоисто-кучевых, слоистых, кучевых или кучево-дождевых облаков нет.","Высококучевых, высокослоистых или слоисто-дождевых облаков нет.",Осадков нет.
2021-05-02,Вагай,1,20.0,757.6,21.0,"Ветер, дующий с западо-юго-запада",7.0,"90  или более, но не 100%", ,"Кучево-дождевые волокнистые (часто с наковальней), либо с кучево-дождевыми лысыми, кучевыми, слоистыми, разорванно-дождевыми, либо без них.","Высококучевые просвечивающие, расположенные на одном уровне.",70 – 80%.
2021-05-02,Ишим,4,22.3,761.8,17.0,"Ветер, дующий с юго-запада",12.0,100%., ,"Кучевые средние или мощные или вместе с кучевыми разорванными, или с кучевыми плоскими, или со слоисто-кучевыми, либо без них; основания всех этих облаков расположены на одном уровне.","Высококучевых, высокослоистых или слоисто-дождевых облаков нет.",50%.
2021-05-02,Вагай,3,20.0,757.6,21.0,"Ветер, дующий с западо-юго-запада",7.0,"90  или более, но не 100%", ,"Кучево-дождевые волокнистые (часто с наковальней), либо с кучево-дождевыми лысыми, кучевыми, слоистыми, разорванно-дождевыми, либо без них.","Высококучевые просвечивающие, расположенные на одном уровне.",70 – 80%.
2021-05-03,Вагай,1,12.4,763.3,21.0,"Ветер, дующий с северо-запада",5.0,70 – 80%., ,"Кучевые плоские или кучевые разорванные, или те и другие вместе, не относящиеся к облакам плохой погоды.","Высококучевых, высокослоистых или слоисто-дождевых облаков нет.",70 – 80%.
2021-05-03,Ишим,4,14.7,763.5,27.0,"Ветер, дующий с западо-северо-запада",4.0,70 – 80%., ,"Кучево-дождевые волокнистые (часто с наковальней), либо с кучево-дождевыми лысыми, кучевыми, слоистыми, разорванно-дождевыми, либо без них.","Высококучевых, высокослоистых или слоисто-дождевых облаков нет.",50%.
2021-05-03,Вагай,3,12.4,763.3,21.0,"Ветер, дующий с северо-запада",5.0,70 – 80%., ,"Кучевые плоские или кучевые разорванные, или те и другие вместе, не относящиеся к облакам плохой погоды.","Высококучевых, высокослоистых или слоисто-дождевых облаков нет.",70 – 80%.
2021-05-03,Ишим,1,14.7,763.5,27.0,"Ветер, дующий с западо-северо-запада",4.0,70 – 80%., ,"Кучево-дождевые волокнистые (часто с наковальней), либо с кучево-дождевыми лысыми, кучевыми, слоистыми, разорванно-дождевыми, либо без них.","Высококучевых, высокослоистых или слоисто-дождевых облаков нет.",50%.
2021-05-03,Ялуторовск,1,14.3,764.5,19.0,"Ветер, дующий с северо-запада",4.0,20–30%., ,"Кучевые плоские или кучевые разорванные, или те и другие вместе, не относящиеся к облакам плохой погоды.","Высококучевых, высокослоистых или слоисто-дождевых облаков нет.",20–30%.
2021-05-04,Ишим,1,17.2,764.7,25.0,"Ветер, дующий с юга",8.0,"90  или более, но не 100%", ,"Слоисто-кучевых, слоистых, кучевых или кучево-дождевых облаков нет.","Высококучевые просвечивающие, расположенные на одном уровне.","90  или более, но не 100%"
2021-05-04,Вагай,3,16.6,761.2,24.0,"Ветер, дующий с юго-юго-запада",7.0,60%.,Состояние неба в общем не изменилось. ,"Слоисто-кучевых, слоистых, кучевых или кучево-дождевых облаков нет.","Высококучевые просвечивающие, расположенные на одном уровне.",60%.
2021-05-05,Ишим,1,24.4,754.6,17.0,"Ветер, дующий с юга",6.0,100%., ,"Слоисто-кучевых, слоистых, кучевых или кучево-дождевых облаков нет.","Высококучевые просвечивающие, расположенные на одном уровне.",60%.
2021-05-05,Вагай,3,26.4,752.2,16.0,"Ветер, дующий с юга",7.0,60%., ,"Слоисто-кучевых, слоистых, кучевых или кучево-дождевых облаков нет.","Высококучевых, высокослоистых или слоисто-дождевых облаков нет.",Облаков нет.
2021-05-05,Вагай,1,26.4,752.2,16.0,"Ветер, дующий с юга",7.0,60%., ,"Слоисто-кучевых, слоистых, кучевых или кучево-дождевых облаков нет.","Высококучевых, высокослоистых или слоисто-дождевых облаков нет.",Облаков нет.
2021-05-05,Ялуторовск,1,27.2,752.0,18.0,"Ветер, дующий с юга",7.0,70 – 80%., ,"Слоисто-кучевых, слоистых, кучевых или кучево-дождевых облаков нет.","Высококучевых, высокослоистых или слоисто-дождевых облаков нет.",Облаков нет.
2021-05-06,Ишим,1,17.9,753.2,24.0,"Ветер, дующий с запада",6.0,"10%  или менее, но не 0", ,"Кучевые средние или мощные или вместе с кучевыми разорванными, или с кучевыми плоскими, или со слоисто-кучевыми, либо без них; основания всех этих облаков расположены на одном уровне.","Высококучевых, высокослоистых или слоисто-дождевых облаков нет.","10%  или менее, но не 0"
2021-05-06,Вагай,3,13.3,752.3,48.0,"Ветер, дующий с западо-северо-запада",6.0,"90  или более, но не 100%",Ливневый(ые) дождь(и). ,"Кучево-дождевые волокнистые (часто с наковальней), либо с кучево-дождевыми лысыми, кучевыми, слоистыми, разорванно-дождевыми, либо без них.",Высококучевые башенкообразные или хлопьевидные.,70 – 80%.
2021-05-06,Вагай,1,13.3,752.3,48.0,"Ветер, дующий с западо-северо-запада",6.0,"90  или более, но не 100%",Ливневый(ые) дождь(и). ,"Кучево-дождевые волокнистые (часто с наковальней), либо с кучево-дождевыми лысыми, кучевыми, слоистыми, разорванно-дождевыми, либо без них.",Высококучевые башенкообразные или хлопьевидные.,70 – 80%.
2021-05-06,Ишим,3,17.9,753.2,24.0,"Ветер, дующий с запада",6.0,"10%  или менее, но не 0", ,"Кучевые средние или мощные или вместе с кучевыми разорванными, или с кучевыми плоскими, или со слоисто-кучевыми, либо без них; основания всех этих облаков расположены на одном уровне.","Высококучевых, высокослоистых или слоисто-дождевых облаков нет.","10%  или менее, но не 0"
2021-05-06,Ишим,4,17.9,753.2,24.0,"Ветер, дующий с запада",6.0,"10%  или менее, но не 0", ,"Кучевые средние или мощные или вместе с кучевыми разорванными, или с кучевыми плоскими, или со слоисто-кучевыми, либо без них; основания всех этих облаков расположены на одном уровне.","Высококучевых, высокослоистых или слоисто-дождевых облаков нет.","10%  или менее, но не 0"
2021-05-07,Вагай,3,16.3,761.7,19.0,"Ветер, дующий с запада",7.0,Облаков нет., ,"Слоисто-кучевых, слоистых, кучевых или кучево-дождевых облаков нет.","Высококучевых, высокослоистых или слоисто-дождевых облаков нет.",Осадков нет.
2021-05-07,Ишим,1,19.0,763.4,16.0,"Ветер, дующий с запада",5.0,Облаков нет.,"Видимость ухудшена дымом, например: от степных или лесных пожаров, промышленных предприятий или вулканическим пеплом. ","Слоисто-кучевых, слоистых, кучевых или кучево-дождевых облаков нет.","Высококучевых, высокослоистых или слоисто-дождевых облаков нет.",Осадков нет.
2021-05-07,Ишим,3,19.0,763.4,16.0,"Ветер, дующий с запада",5.0,Облаков нет.,"Видимость ухудшена дымом, например: от степных или лесных пожаров, промышленных предприятий или вулканическим пеплом. ","Слоисто-кучевых, слоистых, кучевых или кучево-дождевых облаков нет.","Высококучевых, высокослоистых или слоисто-дождевых облаков нет.",Осадков нет.
2021-05-07,Вагай,1,16.3,761.7,19.0,"Ветер, дующий с запада",7.0,Облаков нет., ,"Слоисто-кучевых, слоистых, кучевых или кучево-дождевых облаков нет.","Высококучевых, высокослоистых или слоисто-дождевых облаков нет.",Осадков нет.
2021-05-07,Ишим,4,19.0,763.4,16.0,"Ветер, дующий с запада",5.0,Облаков нет.,"Видимость ухудшена дымом, например: от степных или лесных пожаров, промышленных предприятий или вулканическим пеплом. ","Слоисто-кучевых, слоистых, кучевых или кучево-дождевых облаков нет.","Высококучевых, высокослоистых или слоисто-дождевых облаков нет.",Осадков нет.
2021-05-07,Вагай,4,16.3,761.7,19.0,"Ветер, дующий с запада",7.0,Облаков нет., ,"Слоисто-кучевых, слоистых, кучевых или кучево-дождевых облаков нет.","Высококучевых, высокослоистых или слоисто-дождевых облаков нет.",Осадков нет.
2021-05-08,Вагай,3,25.3,762.2,17.0,"Ветер, дующий с северо-запада",1.0,60%., ,"Кучевые средние или мощные или вместе с кучевыми разорванными, или с кучевыми плоскими, или со слоисто-кучевыми, либо без них; основания всех этих облаков расположены на одном уровне.","Высококучевых, высокослоистых или слоисто-дождевых облаков нет.",60%.
2021-05-08,Ишим,3,24.5,763.3,13.0,"Ветер, дующий с запада",1.0,70 – 80%., ,"Слоисто-кучевых, слоистых, кучевых или кучево-дождевых облаков нет.","Высококучевых, высокослоистых или слоисто-дождевых облаков нет.",Облаков нет.
2021-05-08,Ишим,4,24.5,763.3,13.0,"Ветер, дующий с запада",1.0,70 – 80%., ,"Слоисто-кучевых, слоистых, кучевых или кучево-дождевых облаков нет.","Высококучевых, высокослоистых или слоисто-дождевых облаков нет.",Облаков нет.
2021-05-08,Вагай,1,25.3,762.2,17.0,"Ветер, дующий с северо-запада",1.0,60%., ,"Кучевые средние или мощные или вместе с кучевыми разорванными, или с кучевыми плоскими, или со слоисто-кучевыми, либо без них; основания всех этих облаков расположены на одном уровне.","Высококучевых, высокослоистых или слоисто-дождевых облаков нет.",60%.
2021-05-09,Ишим,1,24.3,762.0,18.0,"Ветер, дующий с востока",5.0,100%., ,"Кучевые средние или мощные или вместе с кучевыми разорванными, или с кучевыми плоскими, или со слоисто-кучевыми, либо без них; основания всех этих облаков расположены на одном уровне.","Высококучевых, высокослоистых или слоисто-дождевых облаков нет.","10%  или менее, но не 0"
2021-05-09,Вагай,3,22.4,764.6,25.0,"Ветер, дующий с востоко-северо-востока",4.0,70 – 80%., ,"Слоисто-кучевых, слоистых, кучевых или кучево-дождевых облаков нет.","Клочья (часто чечевицеобразные) высококучевых просвечивающих, непрерывно изменяющихся; расположены на одном или более уровнях.",20–30%.
2021-05-09,Вагай,1,22.4,764.6,25.0,"Ветер, дующий с востоко-северо-востока",4.0,70 – 80%., ,"Слоисто-кучевых, слоистых, кучевых или кучево-дождевых облаков нет.","Клочья (часто чечевицеобразные) высококучевых просвечивающих, непрерывно изменяющихся; расположены на одном или более уровнях.",20–30%.
2021-05-10,Ишим,1,17.8,767.8,22.0,"Ветер, дующий с востоко-северо-востока",6.0,100%., ,"Слоисто-кучевых, слоистых, кучевых или кучево-дождевых облаков нет.","Высококучевых, высокослоистых или слоисто-дождевых облаков нет.",Облаков нет.
2021-05-10,Вагай,3,19.6,769.1,24.0,"Ветер, дующий с северо-востока",3.0,20–30%., ,"Слоисто-кучевых, слоистых, кучевых или кучево-дождевых облаков нет.","Высококучевых, высокослоистых или слоисто-дождевых облаков нет.",Облаков нет.
2021-05-10,Ишим,3,17.8,767.8,22.0,"Ветер, дующий с востоко-северо-востока",6.0,100%., ,"Слоисто-кучевых, слоистых, кучевых или кучево-дождевых облаков нет.","Высококучевых, высокослоистых или слоисто-дождевых облаков нет.",Облаков нет.
2021-05-10,Вагай,1,19.6,769.1,24.0,"Ветер, дующий с северо-востока",3.0,20–30%., ,"Слоисто-кучевых, слоистых, кучевых или кучево-дождевых облаков нет.","Высококучевых, высокослоистых или слоисто-дождевых облаков нет.",Облаков нет.
2021-05-11,Ишим,4,23.1,768.5,19.0,"Ветер, дующий с северо-северо-запада",2.0,Облаков нет., ,"Слоисто-кучевых, слоистых, кучевых или кучево-дождевых облаков нет.","Высококучевых, высокослоистых или слоисто-дождевых облаков нет.",Осадков нет.
2021-05-11,Вагай,3,23.3,768.3,17.0,"Ветер, дующий с запада",3.0,40%., ,"Слоисто-кучевых, слоистых, кучевых или кучево-дождевых облаков нет.","Высококучевых, высокослоистых или слоисто-дождевых облаков нет.",Облаков нет.
2021-05-11,Ишим,3,23.1,768.5,19.0,"Ветер, дующий с северо-северо-запада",2.0,Облаков нет., ,"Слоисто-кучевых, слоистых, кучевых или кучево-дождевых облаков нет.","Высококучевых, высокослоистых или слоисто-дождевых облаков нет.",Осадков нет.
2021-05-11,Ишим,1,23.1,768.5,19.0,"Ветер, дующий с северо-северо-запада",2.0,Облаков нет., ,"Слоисто-кучевых, слоистых, кучевых или кучево-дождевых облаков нет.","Высококучевых, высокослоистых или слоисто-дождевых облаков нет.",Осадков нет.
2021-05-12,Вагай,3,15.6,768.7,34.0,"Ветер, дующий с северо-запада",5.0,100%.,"Видимость ухудшена дымом, например: от степных или лесных пожаров, промышленных предприятий или вулканическим пеплом. ","Слоисто-кучевых, слоистых, кучевых или кучево-дождевых облаков нет.","Высококучевых, высокослоистых или слоисто-дождевых облаков нет.",Облаков нет.
2021-05-12,Ишим,1,21.0,766.6,26.0,"Ветер, дующий с северо-северо-запада",7.0,100%.,"Видимость ухудшена дымом, например: от степных или лесных пожаров, промышленных предприятий или вулканическим пеплом. ","Кучево-дождевые волокнистые (часто с наковальней), либо с кучево-дождевыми лысыми, кучевыми, слоистыми, разорванно-дождевыми, либо без них.","Высококучевых, высокослоистых или слоисто-дождевых облаков нет.",60%.
2021-05-13,Ялуторовск,1,27.5,766.0,21.0,"Ветер, дующий с северо-северо-запада",6.0,70 – 80%., ,"Кучево-дождевые лысые с кучевыми, слоисто-кучевыми или слоистыми, либо без них.","Высококучевых, высокослоистых или слоисто-дождевых облаков нет.",20–30%.
2021-05-13,Вагай,3,25.0,764.1,27.0,"Ветер, дующий с северо-северо-запада",6.0,70 – 80%., ,"Кучевые средние или мощные или вместе с кучевыми разорванными, или с кучевыми плоскими, или со слоисто-кучевыми, либо без них; основания всех этих облаков расположены на одном уровне.","Клочья (часто чечевицеобразные) высококучевых просвечивающих, непрерывно изменяющихся; расположены на одном или более уровнях.",20–30%.
2021-05-13,Ишим,3,27.1,764.1,21.0,"Ветер, дующий с северо-запада",5.0,100%., ,"Кучевые средние или мощные или вместе с кучевыми разорванными, или с кучевыми плоскими, или со слоисто-кучевыми, либо без них; основания всех этих облаков расположены на одном уровне.","Высококучевых, высокослоистых или слоисто-дождевых облаков нет.",40%.
2021-05-14,Вагай,1,26.4,766.8,23.0,"Ветер, дующий с юго-запада",4.0,50%., ,"Слоисто-кучевых, слоистых, кучевых или кучево-дождевых облаков нет.","Высококучевых, высокослоистых или слоисто-дождевых облаков нет.",Облаков нет.
2021-05-14,Вагай,3,26.4,766.8,23.0,"Ветер, дующий с юго-запада",4.0,50%., ,"Слоисто-кучевых, слоистых, кучевых или кучево-дождевых облаков нет.","Высококучевых, высокослоистых или слоисто-дождевых облаков нет.",Облаков нет.
2021-05-14,Ялуторовск,1,29.3,767.7,20.0,"Ветер, дующий с юго-запада",3.0,20–30%., ,"Слоисто-кучевых, слоистых, кучевых или кучево-дождевых облаков нет.","Высококучевых, высокослоистых или слоисто-дождевых облаков нет.",Облаков нет.
2021-05-15,Вагай,3,29.8,761.8,21.0,"Ветер, дующий с запада",4.0,70 – 80%., ,"Кучево-дождевые лысые с кучевыми, слоисто-кучевыми или слоистыми, либо без них.","Высококучевых, высокослоистых или слоисто-дождевых облаков нет.",70 – 80%.
2021-05-16,Вагай,3,26.4,761.1,34.0,"Ветер, дующий с западо-северо-запада",6.0,40%., ,"Кучевые плоские или кучевые разорванные, или те и другие вместе, не относящиеся к облакам плохой погоды.","Высококучевых, высокослоистых или слоисто-дождевых облаков нет.",40%.
2021-05-16,Тюмень,3,30.9,761.9,23.0,"Ветер, дующий с запада",3.0,"10%  или менее, но не 0", ,"Слоисто-кучевых, слоистых, кучевых или кучево-дождевых облаков нет.","Высококучевых, высокослоистых или слоисто-дождевых облаков нет.",Облаков нет.
2021-05-17,Вагай,3,31.9,757.2,14.0,"Ветер, дующий с запада",7.0,70 – 80%., ,"Кучевые средние или мощные или вместе с кучевыми разорванными, или с кучевыми плоскими, или со слоисто-кучевыми, либо без них; основания всех этих облаков расположены на одном уровне.","Высококучевых, высокослоистых или слоисто-дождевых облаков нет.",20–30%.
2021-05-19,Ишим,4,18.1,765.4,31.0,"Ветер, дующий с северо-северо-востока",5.0,Облаков нет., ,"Слоисто-кучевых, слоистых, кучевых или кучево-дождевых облаков нет.","Высококучевых, высокослоистых или слоисто-дождевых облаков нет.",Осадков нет.
2021-05-19,Ишим,1,18.1,765.4,31.0,"Ветер, дующий с северо-северо-востока",5.0,Облаков нет., ,"Слоисто-кучевых, слоистых, кучевых или кучево-дождевых облаков нет.","Высококучевых, высокослоистых или слоисто-дождевых облаков нет.",Осадков нет.
2021-05-19,Ялуторовск,3,19.4,766.9,34.0,"Ветер, дующий с севера",4.0,60%., ,"Кучевые плоские или кучевые разорванные, или те и другие вместе, не относящиеся к облакам плохой погоды.","Высококучевых, высокослоистых или слоисто-дождевых облаков нет.",20–30%.
2021-05-20,Ялуторовск,3,23.4,765.3,27.0,"Ветер, дующий с западо-юго-запада",4.0,"90  или более, но не 100%", ,"Слоисто-кучевых, слоистых, кучевых или кучево-дождевых облаков нет.","Высококучевых, высокослоистых или слоисто-дождевых облаков нет.",Облаков нет.
2021-05-20,Вагай,3,14.6,764.7,62.0,"Ветер, дующий с юга",4.0,100%.,Ливневый(ые) дождь(и). ,"Кучево-дождевые волокнистые (часто с наковальней), либо с кучево-дождевыми лысыми, кучевыми, слоистыми, разорванно-дождевыми, либо без них.","Высококучевых, высокослоистых или слоисто-дождевых облаков нет.",100%.
2021-05-21,Вагай,3,28.6,761.9,27.0,"Ветер, дующий с северо-запада",2.0,Облаков нет., ,"Слоисто-кучевых, слоистых, кучевых или кучево-дождевых облаков нет.","Высококучевых, высокослоистых или слоисто-дождевых облаков нет.",Осадков нет.
2021-05-22,Вагай,3,30.3,761.1,19.0,"Ветер, дующий с западо-юго-запада",6.0,70 – 80%., ,"Кучевые средние или мощные или вместе с кучевыми разорванными, или с кучевыми плоскими, или со слоисто-кучевыми, либо без них; основания всех этих облаков расположены на одном уровне.","Высококучевых, высокослоистых или слоисто-дождевых облаков нет.",70 – 80%.
2021-05-22,Ишим,4,31.0,763.2,17.0,"Ветер, дующий с западо-юго-запада",6.0,20–30%., ,"Кучевые средние или мощные или вместе с кучевыми разорванными, или с кучевыми плоскими, или со слоисто-кучевыми, либо без них; основания всех этих облаков расположены на одном уровне.","Высококучевых, высокослоистых или слоисто-дождевых облаков нет.",20–30%.
2021-05-23,Вагай,3,23.1,761.9,51.0,"Ветер, дующий с запада",6.0,"90  или более, но не 100%",Ливневый(ые) дождь(и). ,"Кучево-дождевые волокнистые (часто с наковальней), либо с кучево-дождевыми лысыми, кучевыми, слоистыми, разорванно-дождевыми, либо без них.","Высококучевые просвечивающие, расположенные на одном уровне.",40%.
2021-05-23,Уват,3,21.0,760.8,56.0,"Ветер, дующий с западо-северо-запада",5.0,100%., ,"Кучевые плоские или кучевые разорванные, или те и другие вместе, не относящиеся к облакам плохой погоды.",Высокослоистые непросвечивающие или слоисто-дождевые.,20–30%.
2021-05-24,Вагай,3,24.6,763.6,29.0,"Ветер, дующий с юга",1.0,"90  или более, но не 100%", ,"Слоисто-кучевых, слоистых, кучевых или кучево-дождевых облаков нет.",Высококучевые башенкообразные или хлопьевидные.,40%.
2021-05-24,Уват,3,21.8,763.0,40.0,"Ветер, дующий с юго-юго-запада",2.0,100%.,"Видимость ухудшена дымом, например: от степных или лесных пожаров, промышленных предприятий или вулканическим пеплом. ","Слоисто-кучевые, образовавшиеся не из кучевых.","Высококучевых, высокослоистых или слоисто-дождевых облаков нет.",100%.
2021-05-25,Вагай,3,26.8,759.4,25.0,"Ветер, дующий с северо-запада",4.0,20–30%., ,"Слоисто-кучевых, слоистых, кучевых или кучево-дождевых облаков нет.","Высококучевых, высокослоистых или слоисто-дождевых облаков нет.",Облаков нет.
2021-05-22,Уват,3,29.6,760.2,26.0,"Ветер, дующий с запада",3.0,"90  или более, но не 100%", ,"Кучево-дождевые волокнистые (часто с наковальней), либо с кучево-дождевыми лысыми, кучевыми, слоистыми, разорванно-дождевыми, либо без них.","Высококучевых, высокослоистых или слоисто-дождевых облаков нет.",60%.
2020-04-14,Тюмень,1,8.8,758.2,39.0,"Ветер, дующий с юго-юго-востока",4.0,70 – 80%., ,"Кучевые средние или мощные или вместе с кучевыми разорванными, или с кучевыми плоскими, или со слоисто-кучевыми, либо без них; основания всех этих облаков расположены на одном уровне.","Высококучевых, высокослоистых или слоисто-дождевых облаков нет.",70 – 80%.
2021-05-26,Вагай,3,24.3,750.2,45.0,"Ветер, дующий с запада",7.0,70 – 80%.,"Видимость ухудшена дымом, например: от степных или лесных пожаров, промышленных предприятий или вулканическим пеплом. ","Кучево-дождевые волокнистые (часто с наковальней), либо с кучево-дождевыми лысыми, кучевыми, слоистыми, разорванно-дождевыми, либо без них.",Высококучевые башенкообразные или хлопьевидные.,50%.
2021-05-27,Вагай,3,12.4,762.5,58.0,"Ветер, дующий с северо-запада",6.0,"90  или более, но не 100%", ,"Кучево-дождевые волокнистые (часто с наковальней), либо с кучево-дождевыми лысыми, кучевыми, слоистыми, разорванно-дождевыми, либо без них.","Высококучевых, высокослоистых или слоисто-дождевых облаков нет.","90  или более, но не 100%"
2021-05-28,Вагай,3,14.3,765.4,53.0,"Ветер, дующий с юго-юго-запада",4.0,100%.,"Видимость ухудшена дымом, например: от степных или лесных пожаров, промышленных предприятий или вулканическим пеплом. ","Кучево-дождевые волокнистые (часто с наковальней), либо с кучево-дождевыми лысыми, кучевыми, слоистыми, разорванно-дождевыми, либо без них.","Высококучевых, высокослоистых или слоисто-дождевых облаков нет.",100%.
2021-05-28,Тюмень,1,19.6,764.2,40.0,"Ветер, дующий с юго-запада",4.0,70 – 80%., ,"Слоисто-кучевые, образовавшиеся не из кучевых.",Высококучевые башенкообразные или хлопьевидные.,20–30%.
2021-05-29,Вагай,3,22.9,760.8,39.0,"Ветер, дующий с востоко-юго-востока",2.0,70 – 80%., ,"Слоисто-кучевых, слоистых, кучевых или кучево-дождевых облаков нет.","Клочья (часто чечевицеобразные) высококучевых просвечивающих, непрерывно изменяющихся; расположены на одном или более уровнях.",20–30%.
2021-05-29,Ишим,1,28.6,761.3,20.0,"Ветер, дующий с юго-запада",6.0,"10%  или менее, но не 0", ,"Кучевые средние или мощные или вместе с кучевыми разорванными, или с кучевыми плоскими, или со слоисто-кучевыми, либо без них; основания всех этих облаков расположены на одном уровне.","Высококучевых, высокослоистых или слоисто-дождевых облаков нет.","10%  или менее, но не 0"
2021-05-30,Вагай,3,28.9,756.0,18.0,"Ветер, дующий с юга",6.0,100%., ,"Слоисто-кучевых, слоистых, кучевых или кучево-дождевых облаков нет.","Высококучевых, высокослоистых или слоисто-дождевых облаков нет.",Облаков нет.
2021-05-30,Уват,3,29.2,754.6,23.0,"Ветер, дующий с юго-запада",5.0,40%., ,"Слоисто-кучевых, слоистых, кучевых или кучево-дождевых облаков нет.","Высококучевых, высокослоистых или слоисто-дождевых облаков нет.",Облаков нет.
2021-05-31,Ишим,3,30.1,751.6,28.0,"Ветер, дующий с северо-северо-востока",2.0,60%., ,"Кучево-дождевые волокнистые (часто с наковальней), либо с кучево-дождевыми лысыми, кучевыми, слоистыми, разорванно-дождевыми, либо без них.","Высококучевые просвечивающие, расположенные на одном уровне.",40%.
2021-06-01,Вагай,3,16.0,761.1,34.0,"Ветер, дующий с северо-северо-востока",2.0,Облаков нет., ,"Слоисто-кучевых, слоистых, кучевых или кучево-дождевых облаков нет.","Высококучевых, высокослоистых или слоисто-дождевых облаков нет.",Осадков нет.
2021-06-02,Вагай,3,20.3,760.2,28.0,"Ветер, дующий с северо-северо-запада",4.0,70 – 80%., ,"Кучевые средние или мощные или вместе с кучевыми разорванными, или с кучевыми плоскими, или со слоисто-кучевыми, либо без них; основания всех этих облаков расположены на одном уровне.","Высококучевых, высокослоистых или слоисто-дождевых облаков нет.",70 – 80%.
2021-06-03,Вагай,3,19.5,759.4,25.0,"Ветер, дующий с западо-северо-запада",4.0,70 – 80%., ,"Кучевые плоские или кучевые разорванные, или те и другие вместе, не относящиеся к облакам плохой погоды.",Высококучевые башенкообразные или хлопьевидные.,60%.
2021-06-04,Вагай,3,13.1,765.7,32.0,"Ветер, дующий с северо-северо-запада",4.0,40%., ,"Кучевые плоские или кучевые разорванные, или те и другие вместе, не относящиеся к облакам плохой погоды.","Высококучевых, высокослоистых или слоисто-дождевых облаков нет.",40%.
2021-06-06,Вагай,3,27.3,759.0,20.0,"Ветер, дующий с западо-юго-запада",7.0,20–30%., ,"Кучевые плоские или кучевые разорванные, или те и другие вместе, не относящиеся к облакам плохой погоды.","Высококучевых, высокослоистых или слоисто-дождевых облаков нет.",20–30%.
2021-06-06,Ялуторовск,1,26.0,761.5,20.0,"Ветер, дующий с западо-юго-запада",4.0,"10%  или менее, но не 0", ,"Кучевые плоские или кучевые разорванные, или те и другие вместе, не относящиеся к облакам плохой погоды.","Высококучевых, высокослоистых или слоисто-дождевых облаков нет.","10%  или менее, но не 0"
2021-06-07,Вагай,3,26.4,755.8,31.0,"Ветер, дующий с севера",2.0,70 – 80%., ,"Кучево-дождевые волокнистые (часто с наковальней), либо с кучево-дождевыми лысыми, кучевыми, слоистыми, разорванно-дождевыми, либо без них.","Высококучевых, высокослоистых или слоисто-дождевых облаков нет.",60%.
2021-06-07,Вагай,1,26.4,755.8,31.0,"Ветер, дующий с севера",2.0,70 – 80%., ,"Кучево-дождевые волокнистые (часто с наковальней), либо с кучево-дождевыми лысыми, кучевыми, слоистыми, разорванно-дождевыми, либо без них.","Высококучевых, высокослоистых или слоисто-дождевых облаков нет.",60%.
2021-06-07,Ялуторовск,1,27.1,756.3,21.0,"Ветер, дующий с западо-северо-запада",3.0,70 – 80%., ,"Кучево-дождевые лысые с кучевыми, слоисто-кучевыми или слоистыми, либо без них.","Высококучевых, высокослоистых или слоисто-дождевых облаков нет.",70 – 80%.
2021-06-07,Тюмень,1,27.5,756.3,25.0,"Ветер, дующий с западо-юго-запада",2.0,60%., ,"Кучевые средние или мощные или вместе с кучевыми разорванными, или с кучевыми плоскими, или со слоисто-кучевыми, либо без них; основания всех этих облаков расположены на одном уровне.","Высококучевые просвечивающие, расположенные на одном уровне.",50%.
2021-06-08,Тюмень,3,15.6,762.7,36.0,"Ветер, дующий с северо-запада",3.0,"10%  или менее, но не 0", ,"Кучевые плоские или кучевые разорванные, или те и другие вместе, не относящиеся к облакам плохой погоды.","Высококучевых, высокослоистых или слоисто-дождевых облаков нет.","10%  или менее, но не 0"
2021-06-08,Вагай,3,14.5,762.2,37.0,"Ветер, дующий с севера",4.0,70 – 80%., ,"Кучевые средние или мощные или вместе с кучевыми разорванными, или с кучевыми плоскими, или со слоисто-кучевыми, либо без них; основания всех этих облаков расположены на одном уровне.","Высококучевых, высокослоистых или слоисто-дождевых облаков нет.",70 – 80%.
2021-06-09,Вагай,3,16.3,763.9,28.0,"Ветер, дующий с северо-северо-запада",1.0,70 – 80%., ,"Кучевые плоские или кучевые разорванные, или те и другие вместе, не относящиеся к облакам плохой погоды.","Высококучевых, высокослоистых или слоисто-дождевых облаков нет.",70 – 80%.
2021-06-10,Ишим,1,18.2,763.4,23.0,"Ветер, дующий с северо-востока",3.0,70 – 80%., ,"Кучевые плоские или кучевые разорванные, или те и другие вместе, не относящиеся к облакам плохой погоды.","Высококучевых, высокослоистых или слоисто-дождевых облаков нет.","10%  или менее, но не 0"
2021-06-11,Вагай,1,20.9,766.0,25.0,"Ветер, дующий с севера",4.0,70 – 80%., ,"Кучевые средние или мощные или вместе с кучевыми разорванными, или с кучевыми плоскими, или со слоисто-кучевыми, либо без них; основания всех этих облаков расположены на одном уровне.","Высококучевых, высокослоистых или слоисто-дождевых облаков нет.",70 – 80%.
2021-06-11,Вагай,3,20.9,766.0,25.0,"Ветер, дующий с севера",4.0,70 – 80%., ,"Кучевые средние или мощные или вместе с кучевыми разорванными, или с кучевыми плоскими, или со слоисто-кучевыми, либо без них; основания всех этих облаков расположены на одном уровне.","Высококучевых, высокослоистых или слоисто-дождевых облаков нет.",70 – 80%.
2021-06-12,Вагай,3,25.9,766.0,23.0,"Ветер, дующий с северо-запада",4.0,70 – 80%., ,"Кучевые средние или мощные или вместе с кучевыми разорванными, или с кучевыми плоскими, или со слоисто-кучевыми, либо без них; основания всех этих облаков расположены на одном уровне.","Высококучевых, высокослоистых или слоисто-дождевых облаков нет.",70 – 80%.
2021-06-12,Ишим,1,23.8,766.9,23.0,"Ветер, дующий с запада",3.0,40%., ,"Кучевые средние или мощные или вместе с кучевыми разорванными, или с кучевыми плоскими, или со слоисто-кучевыми, либо без них; основания всех этих облаков расположены на одном уровне.","Высококучевых, высокослоистых или слоисто-дождевых облаков нет.",40%.
2021-06-13,Ишим,4,27.7,766.6,21.0,"Ветер, дующий с северо-северо-запада",4.0,40%., ,"Слоисто-кучевых, слоистых, кучевых или кучево-дождевых облаков нет.","Высококучевых, высокослоистых или слоисто-дождевых облаков нет.",Облаков нет.
2021-06-13,Вагай,3,27.5,766.3,22.0,"Ветер, дующий с северо-запада",4.0,70 – 80%., ,"Слоисто-кучевых, слоистых, кучевых или кучево-дождевых облаков нет.","Высококучевых, высокослоистых или слоисто-дождевых облаков нет.",Облаков нет.
2021-06-13,Вагай,1,27.5,766.3,22.0,"Ветер, дующий с северо-запада",4.0,70 – 80%., ,"Слоисто-кучевых, слоистых, кучевых или кучево-дождевых облаков нет.","Высококучевых, высокослоистых или слоисто-дождевых облаков нет.",Облаков нет.
2021-06-14,Вагай,1,30.3,764.9,18.0,"Ветер, дующий с юго-запада",4.0,20–30%., ,"Слоисто-кучевых, слоистых, кучевых или кучево-дождевых облаков нет.","Высококучевых, высокослоистых или слоисто-дождевых облаков нет.",Облаков нет.
2021-06-14,Ишим,1,30.4,766.0,17.0,"Ветер, дующий с западо-юго-запада",3.0,Облаков нет., ,"Слоисто-кучевых, слоистых, кучевых или кучево-дождевых облаков нет.","Высококучевых, высокослоистых или слоисто-дождевых облаков нет.",Осадков нет.
2021-06-14,Вагай,3,30.3,764.9,18.0,"Ветер, дующий с юго-запада",4.0,20–30%., ,"Слоисто-кучевых, слоистых, кучевых или кучево-дождевых облаков нет.","Высококучевых, высокослоистых или слоисто-дождевых облаков нет.",Облаков нет.
2021-06-14,Уват,3,29.5,763.9,25.0,"Ветер, дующий с западо-юго-запада",3.0,50%., ,"Кучевые средние или мощные или вместе с кучевыми разорванными, или с кучевыми плоскими, или со слоисто-кучевыми, либо без них; основания всех этих облаков расположены на одном уровне.","Высококучевых, высокослоистых или слоисто-дождевых облаков нет.",20–30%.
2021-06-14,Тюмень,1,30.6,765.1,14.0,"Ветер, дующий с юго-запада",4.0,20–30%., ,"Слоисто-кучевых, слоистых, кучевых или кучево-дождевых облаков нет.","Высококучевых, высокослоистых или слоисто-дождевых облаков нет.",Облаков нет.
2021-06-15,Уват,3,29.4,757.2,36.0,"Ветер, дующий с западо-юго-запада",4.0,100%., ,"Кучево-дождевые волокнистые (часто с наковальней), либо с кучево-дождевыми лысыми, кучевыми, слоистыми, разорванно-дождевыми, либо без них.","Высококучевые просвечивающие, расположенные на одном уровне.","90  или более, но не 100%"
2021-06-15,Вагай,3,32.2,758.5,17.0,"Ветер, дующий с юго-запада",6.0,60%.,"Видимость ухудшена дымом, например: от степных или лесных пожаров, промышленных предприятий или вулканическим пеплом. ","Кучево-дождевые волокнистые (часто с наковальней), либо с кучево-дождевыми лысыми, кучевыми, слоистыми, разорванно-дождевыми, либо без них.","Высококучевых, высокослоистых или слоисто-дождевых облаков нет.",60%.
2021-06-15,Тюмень,1,29.7,759.0,24.0,"Ветер, дующий с запада",2.0,100%., ,"Кучево-дождевые волокнистые (часто с наковальней), либо с кучево-дождевыми лысыми, кучевыми, слоистыми, разорванно-дождевыми, либо без них.","Высококучевые, просвечивающие или плотные в двух или более слоях или высококучевые плотные в одном слое, не распространяющиеся но небу, либо высококучевые с высокослоистыми или слоисто-дождевыми.",20–30%.
2021-06-15,Вагай,1,32.2,758.5,17.0,"Ветер, дующий с юго-запада",6.0,60%.,"Видимость ухудшена дымом, например: от степных или лесных пожаров, промышленных предприятий или вулканическим пеплом. ","Кучево-дождевые волокнистые (часто с наковальней), либо с кучево-дождевыми лысыми, кучевыми, слоистыми, разорванно-дождевыми, либо без них.","Высококучевых, высокослоистых или слоисто-дождевых облаков нет.",60%.
2021-06-16,Вагай,1,27.1,758.4,35.0,"Ветер, дующий с северо-запада",5.0,"90  или более, но не 100%", ,"Кучевые средние или мощные или вместе с кучевыми разорванными, или с кучевыми плоскими, или со слоисто-кучевыми, либо без них; основания всех этих облаков расположены на одном уровне.","Высококучевых, высокослоистых или слоисто-дождевых облаков нет.",40%.
2021-06-16,Уват,3,23.7,758.5,43.0,"Ветер, дующий с северо-запада",5.0,100%., ,"Кучевые плоские или кучевые разорванные, или те и другие вместе, не относящиеся к облакам плохой погоды.","Высококучевых, высокослоистых или слоисто-дождевых облаков нет.",50%.
2021-06-16,Вагай,3,27.1,758.4,35.0,"Ветер, дующий с северо-запада",5.0,"90  или более, но не 100%", ,"Кучевые средние или мощные или вместе с кучевыми разорванными, или с кучевыми плоскими, или со слоисто-кучевыми, либо без них; основания всех этих облаков расположены на одном уровне.","Высококучевых, высокослоистых или слоисто-дождевых облаков нет.",40%.
2021-06-17,Уват,3,27.8,750.4,46.0,"Ветер, дующий с юго-юго-запада",2.0,100%.,"Гроза, но без осадков, в срок наблюдения. ","Кучево-дождевые волокнистые (часто с наковальней), либо с кучево-дождевыми лысыми, кучевыми, слоистыми, разорванно-дождевыми, либо без них.","Высококучевые просвечивающие, расположенные на одном уровне.",60%.
2021-06-17,Вагай,3,28.8,752.8,31.0,"Ветер, дующий с западо-юго-запада",5.0,70 – 80%., ,"Кучево-дождевые волокнистые (часто с наковальней), либо с кучево-дождевыми лысыми, кучевыми, слоистыми, разорванно-дождевыми, либо без них.","Высококучевых, высокослоистых или слоисто-дождевых облаков нет.",70 – 80%.
2021-06-30,Вагай,3,31.0,758.1,47.0,"Ветер, дующий с юга",1.0,60%., ,"Кучевые средние или мощные или вместе с кучевыми разорванными, или с кучевыми плоскими, или со слоисто-кучевыми, либо без них; основания всех этих облаков расположены на одном уровне.","Высококучевых, высокослоистых или слоисто-дождевых облаков нет.",40%.
2021-06-30,Тюмень,3,35.7,757.5,25.0,"Ветер, дующий с западо-юго-запада",2.0,40%., ,"Кучевые средние или мощные или вместе с кучевыми разорванными, или с кучевыми плоскими, или со слоисто-кучевыми, либо без них; основания всех этих облаков расположены на одном уровне.","Высококучевых, высокослоистых или слоисто-дождевых облаков нет.",40%.
2021-07-01,Вагай,3,34.3,756.3,38.0,"Ветер, дующий с юго-востока",3.0,Облаков нет., ,"Слоисто-кучевых, слоистых, кучевых или кучево-дождевых облаков нет.","Высококучевых, высокослоистых или слоисто-дождевых облаков нет.",Осадков нет.
2021-07-02,Вагай,3,30.4,756.1,44.0,"Ветер, дующий с северо-северо-запада",2.0,70 – 80%., ,"Слоисто-кучевых, слоистых, кучевых или кучево-дождевых облаков нет.",Высококучевые башенкообразные или хлопьевидные.,60%.
2021-07-04,Вагай,3,33.1,747.1,35.0,"Ветер, дующий с юго-востока",3.0,20–30%., ,"Кучево-дождевые волокнистые (часто с наковальней), либо с кучево-дождевыми лысыми, кучевыми, слоистыми, разорванно-дождевыми, либо без них.","Высококучевых, высокослоистых или слоисто-дождевых облаков нет.",20–30%.
2021-07-07,Ишим,1,23.1,763.9,29.0,"Ветер, дующий с западо-северо-запада",2.0,"10%  или менее, но не 0", ,"Кучевые плоские или кучевые разорванные, или те и другие вместе, не относящиеся к облакам плохой погоды.","Высококучевых, высокослоистых или слоисто-дождевых облаков нет.","10%  или менее, но не 0"
2021-07-08,Вагай,3,27.8,761.5,34.0,"Ветер, дующий с северо-запада",4.0,40%., ,"Кучевые средние или мощные или вместе с кучевыми разорванными, или с кучевыми плоскими, или со слоисто-кучевыми, либо без них; основания всех этих облаков расположены на одном уровне.","Высококучевых, высокослоистых или слоисто-дождевых облаков нет.",40%.
2021-07-08,Тюмень,3,28.1,762.5,28.0,"Ветер, дующий с западо-северо-запада",3.0,20–30%., ,"Слоисто-кучевых, слоистых, кучевых или кучево-дождевых облаков нет.","Высококучевых, высокослоистых или слоисто-дождевых облаков нет.",Облаков нет.
2021-07-09,Ишим,3,27.8,758.1,33.0,"Ветер, дующий с северо-востока",4.0,40%., ,"Кучевые плоские или кучевые разорванные, или те и другие вместе, не относящиеся к облакам плохой погоды.","Высококучевых, высокослоистых или слоисто-дождевых облаков нет.",40%.
2021-07-09,Вагай,3,27.1,759.4,33.0,"Ветер, дующий с востока",2.0,40%., ,"Кучевые плоские или кучевые разорванные, или те и другие вместе, не относящиеся к облакам плохой погоды.","Высококучевых, высокослоистых или слоисто-дождевых облаков нет.",40%.
2021-07-09,Уват,3,27.6,759.6,40.0,"Ветер, дующий с юго-запада",1.0,50%., ,"Кучевые плоские или кучевые разорванные, или те и другие вместе, не относящиеся к облакам плохой погоды.","Высококучевых, высокослоистых или слоисто-дождевых облаков нет.",20–30%.
2021-07-09,Тюмень,1,28.1,759.1,32.0,"Ветер, дующий с северо-северо-востока",3.0,20–30%., ,"Кучевые плоские или кучевые разорванные, или те и другие вместе, не относящиеся к облакам плохой погоды.","Высококучевых, высокослоистых или слоисто-дождевых облаков нет.","10%  или менее, но не 0"
2021-07-09,Тюмень,2,28.1,759.1,32.0,"Ветер, дующий с северо-северо-востока",3.0,20–30%., ,"Кучевые плоские или кучевые разорванные, или те и другие вместе, не относящиеся к облакам плохой погоды.","Высококучевых, высокослоистых или слоисто-дождевых облаков нет.","10%  или менее, но не 0"
2021-07-09,Ялуторовск,3,28.4,758.9,36.0,"Ветер, дующий с северо-востока",2.0,40%., ,"Кучевые плоские или кучевые разорванные, или те и другие вместе, не относящиеся к облакам плохой погоды.","Высококучевые просвечивающие, расположенные на одном уровне.",20–30%.
2021-07-10,Вагай,3,25.9,752.2,49.0,"Ветер, дующий с северо-запада",4.0,100%., ,"Кучево-дождевые волокнистые (часто с наковальней), либо с кучево-дождевыми лысыми, кучевыми, слоистыми, разорванно-дождевыми, либо без них.","Высококучевых, высокослоистых или слоисто-дождевых облаков нет.",100%.
2021-07-10,Ишим,4,27.5,752.4,28.0,"Ветер, дующий с северо-востока",1.0,"10%  или менее, но не 0", ,"Слоисто-кучевых, слоистых, кучевых или кучево-дождевых облаков нет.","Высококучевых, высокослоистых или слоисто-дождевых облаков нет.",Облаков нет.
2021-07-13,Ялуторовск,3,16.6,755.8,57.0,"Ветер, дующий с севера",7.0,100%., ,"Кучево-дождевые лысые с кучевыми, слоисто-кучевыми или слоистыми, либо без них.","Высококучевых, высокослоистых или слоисто-дождевых облаков нет.",100%.
2021-07-14,Ялуторовск,3,16.1,757.2,47.0,"Ветер, дующий с севера",8.0,70 – 80%., ,"Кучево-дождевые лысые с кучевыми, слоисто-кучевыми или слоистыми, либо без них.","Высококучевых, высокослоистых или слоисто-дождевых облаков нет.",70 – 80%.
2021-07-20,Ялуторовск,3,24.0,756.8,63.0,"Ветер, дующий с севера",1.0,70 – 80%., ,"Кучевые средние или мощные или вместе с кучевыми разорванными, или с кучевыми плоскими, или со слоисто-кучевыми, либо без них; основания всех этих облаков расположены на одном уровне.","Высококучевые просвечивающие, расположенные на одном уровне.",60%.
2021-07-21,Ялуторовск,3,29.0,753.4,44.0,"Ветер, дующий с юга",6.0,40%., ,"Кучевые плоские или кучевые разорванные, или те и другие вместе, не относящиеся к облакам плохой погоды.","Высококучевых, высокослоистых или слоисто-дождевых облаков нет.",20–30%.
2021-08-14,Тюмень,2,28.4,762.4,24.0,"Ветер, дующий с западо-юго-запада",2.0,Облаков нет., ,"Слоисто-кучевых, слоистых, кучевых или кучево-дождевых облаков нет.","Высококучевых, высокослоистых или слоисто-дождевых облаков нет.",Осадков нет.
2021-08-15,Ишим,1,29.9,760.8,30.0,"Ветер, дующий с западо-северо-запада",3.0,40%., ,"Слоисто-кучевых, слоистых, кучевых или кучево-дождевых облаков нет.","Высококучевые просвечивающие, расположенные на одном уровне.",40%.
2021-08-17,Тюмень,2,31.5,761.6,27.0,"Ветер, дующий с западо-юго-запада",3.0,70 – 80%., ,"Слоисто-кучевых, слоистых, кучевых или кучево-дождевых облаков нет.",Высококучевые башенкообразные или хлопьевидные.,20–30%.
2021-08-18,Тюмень,3,25.6,763.6,40.0,"Ветер, дующий с западо-северо-запада",2.0,70 – 80%., ,"Кучевые плоские или кучевые разорванные, или те и другие вместе, не относящиеся к облакам плохой погоды.","Высококучевых, высокослоистых или слоисто-дождевых облаков нет.","10%  или менее, но не 0"
2021-08-18,Ялуторовск,1,26.0,763.7,41.0,"Ветер, дующий с западо-северо-запада",1.0,"90  или более, но не 100%", ,"Кучевые средние или мощные или вместе с кучевыми разорванными, или с кучевыми плоскими, или со слоисто-кучевыми, либо без них; основания всех этих облаков расположены на одном уровне.","Высококучевые, просвечивающие или плотные в двух или более слоях или высококучевые плотные в одном слое, не распространяющиеся но небу, либо высококучевые с высокослоистыми или слоисто-дождевыми.","10%  или менее, но не 0"
2021-08-19,Тюмень,3,27.5,763.2,30.0,"Ветер, дующий с западо-северо-запада",2.0,60%., ,"Слоисто-кучевых, слоистых, кучевых или кучево-дождевых облаков нет.","Высококучевых, высокослоистых или слоисто-дождевых облаков нет.",Облаков нет.
2021-08-20,Тюмень,3,31.3,764.1,27.0,"Ветер, дующий с западо-юго-запада",2.0,Облаков нет., ,"Слоисто-кучевых, слоистых, кучевых или кучево-дождевых облаков нет.","Высококучевых, высокослоистых или слоисто-дождевых облаков нет.",Осадков нет.
2021-08-21,Тюмень,3,34.0,765.1,25.0,"Ветер, дующий с запада",2.0,"90  или более, но не 100%", ,"Слоисто-кучевых, слоистых, кучевых или кучево-дождевых облаков нет.","Высококучевых, высокослоистых или слоисто-дождевых облаков нет.",Облаков нет.
2021-08-22,Ялуторовск,3,34.1,766.8,47.0,"Ветер, дующий с юга",2.0,Облаков нет., ,"Слоисто-кучевых, слоистых, кучевых или кучево-дождевых облаков нет.","Высококучевых, высокослоистых или слоисто-дождевых облаков нет.",Осадков нет.
2021-08-23,Ялуторовск,3,35.2,765.0,52.0,"Ветер, дующий с юго-юго-запада",4.0,Облаков нет., ,"Слоисто-кучевых, слоистых, кучевых или кучево-дождевых облаков нет.","Высококучевых, высокослоистых или слоисто-дождевых облаков нет.",Осадков нет.
2021-08-24,Ялуторовск,3,34.0,764.2,50.0,"Ветер, дующий с юго-юго-запада",4.0,Облаков нет., ,"Слоисто-кучевых, слоистых, кучевых или кучево-дождевых облаков нет.","Высококучевых, высокослоистых или слоисто-дождевых облаков нет.",Осадков нет.
2021-08-25,Ялуторовск,3,34.2,762.9,25.0,"Ветер, дующий с юга",3.0,40%., ,"Кучевые средние или мощные или вместе с кучевыми разорванными, или с кучевыми плоскими, или со слоисто-кучевыми, либо без них; основания всех этих облаков расположены на одном уровне.","Высококучевых, высокослоистых или слоисто-дождевых облаков нет.",40%.
2021-08-25,Вагай,3,32.4,763.1,31.0,"Ветер, дующий с юго-юго-запада",2.0,20–30%., ,"Кучевые средние или мощные или вместе с кучевыми разорванными, или с кучевыми плоскими, или со слоисто-кучевыми, либо без них; основания всех этих облаков расположены на одном уровне.","Высококучевых, высокослоистых или слоисто-дождевых облаков нет.",20–30%.
2021-08-26,Ялуторовск,3,32.8,759.9,39.0,"Ветер, дующий с юго-запада",2.0,70 – 80%., ,"Кучево-дождевые лысые с кучевыми, слоисто-кучевыми или слоистыми, либо без них.","Высококучевых, высокослоистых или слоисто-дождевых облаков нет.",60%.
2021-08-26,Вагай,3,31.4,760.1,42.0,"Ветер, дующий с юга",2.0,20–30%., ,"Слоисто-кучевых, слоистых, кучевых или кучево-дождевых облаков нет.","Высококучевые просвечивающие, расположенные на одном уровне.",20–30%.
2021-08-29,Ялуторовск,3,15.9,762.1,45.0,"Ветер, дующий с севера",3.0,60%., ,"Кучевые плоские или кучевые разорванные, или те и другие вместе, не относящиеся к облакам плохой погоды.","Высококучевых, высокослоистых или слоисто-дождевых облаков нет.",60%.
2021-08-30,Вагай,3,17.8,758.4,82.0,"Ветер, дующий с северо-запада",2.0,70 – 80%., ,"Кучево-дождевые волокнистые (часто с наковальней), либо с кучево-дождевыми лысыми, кучевыми, слоистыми, разорванно-дождевыми, либо без них.","Высококучевых, высокослоистых или слоисто-дождевых облаков нет.",70 – 80%.
2021-08-31,Вагай,3,13.7,761.2,66.0,"Ветер, дующий с северо-запада",2.0,"90  или более, но не 100%",Ливневый(ые) дождь(и). ,"Кучево-дождевые волокнистые (часто с наковальней), либо с кучево-дождевыми лысыми, кучевыми, слоистыми, разорванно-дождевыми, либо без них.","Высококучевых, высокослоистых или слоисто-дождевых облаков нет.","90  или более, но не 100%"
2021-09-02,Ялуторовск,2,22.7,760.6,46.0,"Ветер, дующий с юга",7.0,40%., ,"Слоисто-кучевых, слоистых, кучевых или кучево-дождевых облаков нет.","Высококучевых, высокослоистых или слоисто-дождевых облаков нет.",Облаков нет.
2021-09-03,Ишим,1,24.9,760.0,25.0,"Ветер, дующий с юго-юго-востока",4.0,20–30%., ,"Слоисто-кучевых, слоистых, кучевых или кучево-дождевых облаков нет.","Высококучевых, высокослоистых или слоисто-дождевых облаков нет.",Облаков нет.
2021-09-04,Вагай,3,24.3,754.6,39.0,"Ветер, дующий с юго-востока",5.0,70 – 80%., ,"Кучево-дождевые волокнистые (часто с наковальней), либо с кучево-дождевыми лысыми, кучевыми, слоистыми, разорванно-дождевыми, либо без них.","Высококучевые просвечивающие, расположенные на одном уровне.",20–30%.
2021-09-04,Ишим,1,27.5,756.0,25.0,"Ветер, дующий с юго-юго-востока",4.0,"90  или более, но не 100%", ,"Кучево-дождевые волокнистые (часто с наковальней), либо с кучево-дождевыми лысыми, кучевыми, слоистыми, разорванно-дождевыми, либо без них.","Высококучевых, высокослоистых или слоисто-дождевых облаков нет.",20–30%.
2021-09-04,Ялуторовск,3,26.4,752.1,35.0,"Ветер, дующий с юго-востока",4.0,"90  или более, но не 100%", ,"Кучево-дождевые лысые с кучевыми, слоисто-кучевыми или слоистыми, либо без них.","Высококучевые, просвечивающие или плотные в двух или более слоях или высококучевые плотные в одном слое, не распространяющиеся но небу, либо высококучевые с высокослоистыми или слоисто-дождевыми.",50%.
2021-09-05,Вагай,3,20.9,756.6,41.0,"Ветер, дующий с западо-юго-запада",3.0,70 – 80%., ,"Кучевые средние или мощные или вместе с кучевыми разорванными, или с кучевыми плоскими, или со слоисто-кучевыми, либо без них; основания всех этих облаков расположены на одном уровне.","Высококучевых, высокослоистых или слоисто-дождевых облаков нет.",70 – 80%.
2021-09-05,Ялуторовск,3,21.3,757.1,38.0,"Ветер, дующий с западо-юго-запада",6.0,60%., ,"Кучевые средние или мощные или вместе с кучевыми разорванными, или с кучевыми плоскими, или со слоисто-кучевыми, либо без них; основания всех этих облаков расположены на одном уровне.","Высококучевых, высокослоистых или слоисто-дождевых облаков нет.",60%.
2021-09-05,Ишим,1,22.0,757.9,35.0,"Ветер, дующий с западо-юго-запада",5.0,20–30%., ,"Кучевые плоские или кучевые разорванные, или те и другие вместе, не относящиеся к облакам плохой погоды.","Высококучевых, высокослоистых или слоисто-дождевых облаков нет.",20–30%.
2021-09-06,Вагай,3,16.0,764.3,36.0,"Ветер, дующий с западо-юго-запада",6.0,20–30%., ,"Кучевые плоские или кучевые разорванные, или те и другие вместе, не относящиеся к облакам плохой погоды.","Высококучевых, высокослоистых или слоисто-дождевых облаков нет.",20–30%.
2021-09-06,Ялуторовск,3,18.7,764.9,29.0,"Ветер, дующий с запада",4.0,60%., ,"Кучевые средние или мощные или вместе с кучевыми разорванными, или с кучевыми плоскими, или со слоисто-кучевыми, либо без них; основания всех этих облаков расположены на одном уровне.","Высококучевые просвечивающие, расположенные на одном уровне.",50%.
2021-09-06,Ишим,1,18.5,765.9,25.0,"Ветер, дующий с западо-северо-запада",2.0,20–30%., ,"Слоисто-кучевых, слоистых, кучевых или кучево-дождевых облаков нет.","Высококучевых, высокослоистых или слоисто-дождевых облаков нет.",Облаков нет.
2021-09-07,Ялуторовск,3,15.7,762.7,50.0,"Ветер, дующий с запада",3.0,60%., ,"Кучево-дождевые лысые с кучевыми, слоисто-кучевыми или слоистыми, либо без них.","Высококучевых, высокослоистых или слоисто-дождевых облаков нет.",60%.
2021-09-08,Ялуторовск,3,14.1,759.2,41.0,"Ветер, дующий с западо-юго-запада",4.0,70 – 80%., ,"Кучево-дождевые лысые с кучевыми, слоисто-кучевыми или слоистыми, либо без них.","Высококучевых, высокослоистых или слоисто-дождевых облаков нет.",70 – 80%.
2020-04-25,Ишим,5,9.2,762.5,23.0,"Ветер, дующий с юго-запада",7.0,20–30%., ,"Кучевые плоские или кучевые разорванные, или те и другие вместе, не относящиеся к облакам плохой погоды.","Высококучевых, высокослоистых или слоисто-дождевых облаков нет.",20–30%.
2020-04-26,Ишим,1,19.4,763.8,17.0,"Ветер, дующий с юго-запада",9.0,Облаков нет., ,"Слоисто-кучевых, слоистых, кучевых или кучево-дождевых облаков нет.","Высококучевых, высокослоистых или слоисто-дождевых облаков нет.",Осадков нет.
2020-04-27,Ишим,1,17.6,758.4,22.0,"Ветер, дующий с юго-юго-востока",5.0,70 – 80%., ,"Слоисто-кучевые, образовавшиеся не из кучевых.","Высококучевых, высокослоистых или слоисто-дождевых облаков нет.",70 – 80%.
2020-04-28,Вагай,1,19.3,750.1,42.0,"Ветер, дующий с востоко-юго-востока",1.0,70 – 80%., ,"Кучевые средние или мощные или вместе с кучевыми разорванными, или с кучевыми плоскими, или со слоисто-кучевыми, либо без них; основания всех этих облаков расположены на одном уровне.","Клочья (часто чечевицеобразные) высококучевых просвечивающих, непрерывно изменяющихся; расположены на одном или более уровнях.",60%.
2020-04-29,Ишим,1,19.0,750.6,34.0,"Ветер, дующий с юго-запада",9.0,60%., ,"Кучевые плоские или кучевые разорванные, или те и другие вместе, не относящиеся к облакам плохой погоды.","Высококучевых, высокослоистых или слоисто-дождевых облаков нет.",40%.
2020-05-05,Ялуторовск,1,20.7,769.9,18.0,"Ветер, дующий с западо-юго-запада",4.0,20–30%., ,"Слоисто-кучевых, слоистых, кучевых или кучево-дождевых облаков нет.","Высококучевых, высокослоистых или слоисто-дождевых облаков нет.",Облаков нет.
2020-05-06,Ялуторовск,1,25.1,767.0,19.0,"Ветер, дующий с юго-юго-запада",5.0,Облаков нет., ,"Слоисто-кучевых, слоистых, кучевых или кучево-дождевых облаков нет.","Высококучевых, высокослоистых или слоисто-дождевых облаков нет.",Осадков нет.
2020-05-06,Уват,1,25.0,762.8,26.0,"Ветер, дующий с запада",7.0,"90  или более, но не 100%", ,"Кучевые и слоисто-кучевые (но не слоисто-кучевые, образовавшиеся из кучевых), основания расположены на разных уровнях.","Высококучевых, высокослоистых или слоисто-дождевых облаков нет.",60%.
2020-05-06,Тюмень,1,26.3,765.9,17.0,"Ветер, дующий с юго-юго-запада",4.0,"10%  или менее, но не 0", ,"Кучевые плоские или кучевые разорванные, или те и другие вместе, не относящиеся к облакам плохой погоды.","Высококучевых, высокослоистых или слоисто-дождевых облаков нет.","10%  или менее, но не 0"
2020-05-07,Ялуторовск,1,27.2,765.1,15.0,"Ветер, дующий с юго-юго-востока",3.0,20–30%., ,"Кучево-дождевые лысые с кучевыми, слоисто-кучевыми или слоистыми, либо без них.","Высококучевых, высокослоистых или слоисто-дождевых облаков нет.",20–30%.
2020-05-08,Ялуторовск,5,26.7,764.8,15.0,"Ветер, дующий с юга",5.0,40%., ,"Слоисто-кучевых, слоистых, кучевых или кучево-дождевых облаков нет.","Высококучевых, высокослоистых или слоисто-дождевых облаков нет.",Облаков нет.
2020-05-08,Ялуторовск,1,26.7,764.8,15.0,"Ветер, дующий с юга",5.0,40%., ,"Слоисто-кучевых, слоистых, кучевых или кучево-дождевых облаков нет.","Высококучевых, высокослоистых или слоисто-дождевых облаков нет.",Облаков нет.
2020-05-08,Вагай,1,26.8,764.8,17.0,"Ветер, дующий с юга",4.0,60%., ,"Слоисто-кучевых, слоистых, кучевых или кучево-дождевых облаков нет.","Высококучевых, высокослоистых или слоисто-дождевых облаков нет.",Облаков нет.
2020-05-10,Ишим,1,26.8,760.7,18.0,"Ветер, дующий с юго-востока",5.0,20–30%., ,"Слоисто-кучевых, слоистых, кучевых или кучево-дождевых облаков нет.","Высококучевых, высокослоистых или слоисто-дождевых облаков нет.",Облаков нет.
2020-05-11,Ишим,5,26.7,757.9,35.0,"Ветер, дующий с юго-запада",5.0,70 – 80%., ,"Кучевые средние или мощные или вместе с кучевыми разорванными, или с кучевыми плоскими, или со слоисто-кучевыми, либо без них; основания всех этих облаков расположены на одном уровне.","Высококучевых, высокослоистых или слоисто-дождевых облаков нет.",20–30%.
2020-05-11,Ишим,1,26.7,757.9,35.0,"Ветер, дующий с юго-запада",5.0,70 – 80%., ,"Кучевые средние или мощные или вместе с кучевыми разорванными, или с кучевыми плоскими, или со слоисто-кучевыми, либо без них; основания всех этих облаков расположены на одном уровне.","Высококучевых, высокослоистых или слоисто-дождевых облаков нет.",20–30%.
2020-05-13,Вагай,3,28.7,755.8,34.0,"Ветер, дующий с западо-юго-запада",3.0,70 – 80%., ,"Кучево-дождевые волокнистые (часто с наковальней), либо с кучево-дождевыми лысыми, кучевыми, слоистыми, разорванно-дождевыми, либо без них.","Высококучевых, высокослоистых или слоисто-дождевых облаков нет.",60%.
2020-07-15,Уват,3,31.1,763.0,43.0,"Ветер, дующий с юго-юго-запада",4.0,Облаков нет., ,"Слоисто-кучевых, слоистых, кучевых или кучево-дождевых облаков нет.","Высококучевых, высокослоистых или слоисто-дождевых облаков нет.",Осадков нет.
2020-07-19,Уват,3,31.1,756.6,39.0,"Ветер, дующий с северо-северо-запада",2.0,50%., ,"Слоисто-кучевые, образовавшиеся не из кучевых.","Высококучевых, высокослоистых или слоисто-дождевых облаков нет.",50%.
2020-07-19,Ишим,3,34.6,756.6,27.0,"Ветер, дующий с западо-северо-запада",2.0,60%., ,"Кучево-дождевые волокнистые (часто с наковальней), либо с кучево-дождевыми лысыми, кучевыми, слоистыми, разорванно-дождевыми, либо без них.","Высококучевых, высокослоистых или слоисто-дождевых облаков нет.","90  или более, но не 100%"
2020-07-21,Уват,3,23.6,761.5,36.0,"Ветер, дующий с востоко-северо-востока",2.0,70 – 80%., ,"Кучевые средние или мощные или вместе с кучевыми разорванными, или с кучевыми плоскими, или со слоисто-кучевыми, либо без них; основания всех этих облаков расположены на одном уровне.","Высококучевых, высокослоистых или слоисто-дождевых облаков нет.",70 – 80%.
2020-07-22,Уват,3,25.8,760.6,35.0,"Ветер, дующий с севера",1.0,60%., ,"Кучевые плоские или кучевые разорванные, или те и другие вместе, не относящиеся к облакам плохой погоды.","Высококучевых, высокослоистых или слоисто-дождевых облаков нет.",60%.
2020-07-24,Тюмень,1,22.6,756.3,34.0,"Ветер, дующий с северо-востока",4.0,"10%  или менее, но не 0", ,"Кучевые плоские или кучевые разорванные, или те и другие вместе, не относящиеся к облакам плохой погоды.","Высококучевых, высокослоистых или слоисто-дождевых облаков нет.","10%  или менее, но не 0"
2020-08-03,Уват,4,34.5,759.8,23.0,"Ветер, дующий с юга",4.0,70 – 80%., ,"Слоисто-кучевых, слоистых, кучевых или кучево-дождевых облаков нет.","Высококучевых, высокослоистых или слоисто-дождевых облаков нет.",Облаков нет.
2020-08-03,Ишим,1,35.8,761.3,18.0,"Ветер, дующий с юго-запада",3.0,20–30%., ,"Кучевые средние или мощные или вместе с кучевыми разорванными, или с кучевыми плоскими, или со слоисто-кучевыми, либо без них; основания всех этих облаков расположены на одном уровне.","Высококучевых, высокослоистых или слоисто-дождевых облаков нет.",20–30%.
2020-08-04,Уват,3,33.9,761.8,33.0,"Ветер, дующий с юга",2.0,60%., ,"Кучевые и слоисто-кучевые (но не слоисто-кучевые, образовавшиеся из кучевых), основания расположены на разных уровнях.","Высококучевых, высокослоистых или слоисто-дождевых облаков нет.",20–30%.
2020-08-04,Ишим,1,32.7,761.5,30.0,"Ветер, дующий с востока",3.0,"10%  или менее, но не 0", ,"Кучевые средние или мощные или вместе с кучевыми разорванными, или с кучевыми плоскими, или со слоисто-кучевыми, либо без них; основания всех этих облаков расположены на одном уровне.","Высококучевых, высокослоистых или слоисто-дождевых облаков нет.","10%  или менее, но не 0"
2020-08-05,Уват,3,20.5,766.0,87.0,"Ветер, дующий с востоко-северо-востока",1.0,100%.,"Гроза слабая или умеренная без града, но с дождем и/или снегом в срок наблюдения. ","Кучево-дождевые лысые с кучевыми, слоисто-кучевыми или слоистыми, либо без них.","Высококучевых, высокослоистых или слоисто-дождевых облаков нет.",100%.
2020-08-07,Уват,3,26.5,762.1,37.0,"Ветер, дующий с запада",2.0,20–30%., ,"Кучевые плоские или кучевые разорванные, или те и другие вместе, не относящиеся к облакам плохой погоды.","Высококучевых, высокослоистых или слоисто-дождевых облаков нет.",20–30%.
2020-08-08,Уват,3,28.8,755.8,33.0,"Ветер, дующий с юга",3.0,70 – 80%., ,"Кучевые плоские или кучевые разорванные, или те и другие вместе, не относящиеся к облакам плохой погоды.","Высококучевых, высокослоистых или слоисто-дождевых облаков нет.",60%.
2020-08-09,Уват,3,29.4,751.6,33.0,"Ветер, дующий с юга",2.0,70 – 80%., ,"Кучевые средние или мощные или вместе с кучевыми разорванными, или с кучевыми плоскими, или со слоисто-кучевыми, либо без них; основания всех этих облаков расположены на одном уровне.","Высококучевых, высокослоистых или слоисто-дождевых облаков нет.",60%.
2020-08-09,Уват,4,29.4,751.6,33.0,"Ветер, дующий с юга",2.0,70 – 80%., ,"Кучевые средние или мощные или вместе с кучевыми разорванными, или с кучевыми плоскими, или со слоисто-кучевыми, либо без них; основания всех этих облаков расположены на одном уровне.","Высококучевых, высокослоистых или слоисто-дождевых облаков нет.",60%.
2020-08-10,Уват,3,28.5,747.4,41.0,"Ветер, дующий с востока",3.0,70 – 80%., ,"Кучевые средние или мощные или вместе с кучевыми разорванными, или с кучевыми плоскими, или со слоисто-кучевыми, либо без них; основания всех этих облаков расположены на одном уровне.","Высококучевых, высокослоистых или слоисто-дождевых облаков нет.",70 – 80%.
2020-08-11,Ишим,3,26.8,745.6,34.0,"Ветер, дующий с юга",3.0,"90  или более, но не 100%", ,"Кучевые и слоисто-кучевые (но не слоисто-кучевые, образовавшиеся из кучевых), основания расположены на разных уровнях.","Высококучевых, высокослоистых или слоисто-дождевых облаков нет.",50%.
2020-09-10,Ишим,1,21.5,766.0,24.0,"Ветер, дующий с юго-юго-запада",5.0,Облаков нет., ,"Слоисто-кучевых, слоистых, кучевых или кучево-дождевых облаков нет.","Высококучевых, высокослоистых или слоисто-дождевых облаков нет.",Осадков нет.
